Thing,Fur
groenendael,furry
bone-headed dinosaur,not furry
megatherian mammal,furry
jerboa kangaroo,furry
Marco Polo's sheep,furry
reconnaissance vehicle,not furry
kingsnake,not furry
tiger rattlesnake,not furry
Myrmecobius fasciatus,furry
vixen,furry
common water snake,not furry
hydroplane,not furry
unau,furry
leaf-nosed snake,not furry
Dermochelys coriacea,not furry
Indian python,not furry
ponycart,not furry
baby buggy,not furry
touring car,not furry
longwool,furry
limo,not furry
Sciurus carolinensis,furry
Kobus kob,furry
red-backed lemming,furry
Rangifer caribou,furry
blower,furry
archosaurian,not furry
Peccari angulatus,furry
Cryptoprocta,furry
Lama pacos,furry
Mammut americanum,furry
brocket,furry
nail-tailed kangaroo,furry
side-wheeler,not furry
marine turtle,not furry
horseshoe bat,furry
jeep,not furry
Potamogale velox,furry
carrier,not furry
ai,furry
nautilus,not furry
western coral snake,not furry
sloth,furry
cat squirrel,furry
platyrrhine,furry
loir,furry
Aotus trivirgatus,furry
styracosaurus,not furry
caribou,furry
Peke,furry
Texas armadillo,furry
Equus Burchelli,furry
chinchilla rat,furry
shorthorn,furry
steed,furry
Natrix sipedon,not furry
Lhasa,furry
Model T,not furry
native cat,furry
bunny,furry
Vulpes fulva,furry
king snake,not furry
Cervus elaphus,furry
Kobus leche,furry
Thamnophis sirtalis,not furry
galley,not furry
hack,not furry
passenger van,not furry
African green monkey,furry
longboat,not furry
digitigrade,furry
Irish terrier,furry
elephant,furry
copperhead,not furry
woodland caribou,furry
gig,not furry
porpoise,furry
Tyrannosaurus rex,not furry
night lizard,not furry
electric,not furry
ordinary,not furry
horned dinosaur,not furry
wire-haired terrier,furry
giant tortoise,not furry
Chinchilla laniger,furry
swamp buggy,not furry
New World coral snake,not furry
jerboa rat,furry
chipmunk,furry
unai,furry
pongid,furry
sika,furry
Ovis poli,furry
checkered whiptail,not furry
Guernsey,furry
sand lizard,not furry
potamogale,furry
stealth fighter,not furry
rock python,not furry
Bison bonasus,furry
Pekinese,furry
Dusicyon cancrivorus,furry
water moccasin,not furry
douroucouli,furry
even-toed ungulate,furry
clipper,not furry
tram,not furry
dwarf sperm whale,furry
streetcar,not furry
pilot balloon,not furry
Semnopithecus entellus,furry
golden retriever,furry
freight car,not furry
jenny ass,furry
bearcat,furry
alpaca,furry
catboat,not furry
water scooter,not furry
artiodactyl mammal,furry
electric car,not furry
Arabian camel,furry
ferry,not furry
diner,not furry
schnauzer,furry
stroller,not furry
Japanese spaniel,furry
Japanese deer,furry
Avahi laniger,furry
Callisaurus draconoides,not furry
Pekingese,furry
Indian cobra,not furry
Alaskan brown bear,furry
cony,furry
tramcar,not furry
mud turtle,not furry
Python reticulatus,not furry
desert tortoise,not furry
horny frog,not furry
Cervus nipon,furry
common dolphin,furry
reindeer,furry
baboon,furry
Taurotragus derbianus,furry
Tolypeutes tricinctus,furry
Rottweiler,furry
tea trolley,not furry
boa,not furry
gibbon,furry
Greenland caribou,furry
fissiped mammal,furry
road roller,not furry
hydrofoil,not furry
dromedary,furry
Chrysemys picta,not furry
Rangifer arcticus,furry
bullock,furry
tom,furry
perambulator,not furry
sporting dog,furry
wolverine,furry
ichthyosaur,not furry
cruiser,not furry
burunduki,furry
Eptesicus fuscus,furry
caracal,furry
panzer,not furry
bull,furry
Persian cat,furry
garden cart,not furry
Cercopithecus aethiops sabaeus,furry
Dipodomys phillipsii,furry
great ape,furry
outrigger canoe,not furry
grey lemming,furry
biplane,not furry
landau,not furry
worm snake,not furry
diamondback terrapin,not furry
spiny anteater,furry
eastern gray squirrel,furry
ichneumon,furry
Chamaeleo chamaeleon,not furry
Thamnophis proximus,not furry
horse-cart,not furry
cab,not furry
anteater,furry
mink,furry
male horse,furry
Presbytes entellus,furry
wheelbarrow,not furry
Homo erectus,furry
olive ridley,not furry
Python sebae,not furry
antelope squirrel,furry
working dog,furry
four-wheel drive,not furry
Crotalus tigris,not furry
Delphinus delphis,furry
dune buggy,not furry
go-cart,not furry
bobsleigh,not furry
opossum,furry
Pithecanthropus erectus,furry
beaked whale,furry
yellow-bellied terrapin,not furry
donkey,furry
dining compartment,not furry
Lichanura trivirgata,not furry
common garter snake,not furry
artiodactyl,furry
western blind snake,not furry
marmot,furry
canebrake rattler,not furry
styracosaur,not furry
Australopithecus africanus,furry
pigboat,not furry
kiang,furry
birchbark,not furry
hamster,furry
binturong,furry
polecat,furry
puff adder,not furry
narrow-body aircraft,not furry
titanosaur,not furry
hedgehog,furry
corgi,furry
dray,not furry
Bubalus mindorensis,furry
river boat,not furry
baronduki,furry
Brussels griffon,furry
Dasyurus viverrinus,furry
Tarsius syrichta,furry
Crotalus lepidus,not furry
tyrannosaur,not furry
Kodiak bear,furry
tender,not furry
sauropod dinosaur,not furry
horned toad,not furry
wisent,furry
troika,not furry
pine lizard,not furry
otter shrew,furry
suricate,furry
scooter,not furry
Paranthropus,furry
griffon,furry
archosaurian reptile,not furry
Cervus sika,furry
ordinary bicycle,not furry
Lynx caracal,furry
American shrew mole,furry
tea wagon,not furry
bloodmobile,not furry
New World monkey,furry
lighter,not furry
Greenland whale,furry
4WD,not furry
compact car,not furry
sausage balloon,not furry
Potamophis striatula,not furry
narrowbody aircraft,not furry
Macrotus californicus,furry
ridley,not furry
megatheriid,furry
Burchell's zebra,furry
intercontinental ballistic missile,not furry
compact,not furry
compsognathus,not furry
rosy boa,not furry
Kodiak,furry
sea scooter,not furry
baranduki,furry
mountain viscacha,furry
Pseudechis porphyriacus,not furry
rock squirrel,furry
wildcat,furry
three-toed sloth,furry
horse,furry
Equus asinus,furry
sand rat,furry
Citellus leucurus,furry
baby carriage,not furry
Suricata suricatta,furry
leatherback,not furry
true marmoset,furry
Lanthanotus borneensis,not furry
saurian,not furry
privateer,not furry
bassinet,not furry
archosaur,not furry
Burmeisteria retusa,furry
skunk bear,furry
woolly indris,furry
mountain skink,not furry
sambar,furry
taxicab,not furry
pere david's deer,furry
heavier-than-air craft,not furry
lawn cart,not furry
pontoon plane,not furry
numbat,furry
elk,furry
bowhead,furry
Hemigalus hardwickii,furry
banded palm civet,furry
eastern fence lizard,not furry
Lhasa apso,furry
redbelly,not furry
velociraptor,not furry
slider,not furry
sailing vessel,not furry
Eurasian badger,furry
flying gecko,not furry
sauropod,not furry
billy goat,furry
gridiron-tailed lizard,not furry
spiny softshell,not furry
Barbary ape,furry
anthropoid ape,furry
diplodocus,not furry
chiropteran,furry
tourer,not furry
Denisonia superba,not furry
billy,furry
desert lynx,furry
Tropidoclonion lineatum,not furry
Diphylla ecaudata,furry
pye-dog,furry
sambur,furry
pushchair,not furry
canebrake rattlesnake,not furry
deerhound,furry
banded water snake,not furry
Cavia porcellus,furry
camion,not furry
egg-laying mammal,furry
Gopherus agassizii,not furry
sulfur bottom,furry
Camelus dromedarius,furry
dassie,furry
green monkey,furry
Python molurus,not furry
Sennenhunde,furry
Eutamius sibiricus,furry
Cynocephalus variegatus,furry
edmontosaurus,not furry
gazelle,furry
caisson,not furry
Notoryctus typhlops,furry
green lizard,not furry
wirehair,furry
Iguana iguana,not furry
jennet,furry
motorboat,not furry
oviraptorid,not furry
white wolf,furry
Kogia breviceps,furry
tamarao,furry
phaeton,not furry
mountain sheep,furry
moloch,not furry
Rocky Mountain goat,furry
dromaeosaur,not furry
Walker hound,furry
struthiomimus,not furry
hulk,not furry
test instrument vehicle,not furry
bunny rabbit,furry
apar,furry
megalosaurus,not furry
lizard,not furry
Cercopithecus aethiops pygerythrus,furry
finisher,not furry
urus,furry
missile,not furry
amphibian,not furry
dimetrodon,not furry
ICBM,not furry
Cnemidophorus tesselatus,not furry
Trionyx spiniferus,not furry
subclass Diapsida,not furry
sable antelope,furry
urial,furry
two-toed sloth,furry
rock rattlesnake,not furry
rudapithecus,furry
possum,furry
mantled ground squirrel,furry
sirenian mammal,furry
cattle boat,not furry
Eumeces callicephalus,not furry
pocket mouse,furry
barren ground caribou,furry
collared peccary,furry
Duplicidentata,furry
cottonmouth moccasin,not furry
leathery turtle,not furry
Ovis vignei,furry
packhorse,furry
Canis lupus tundrarum,furry
iguana,not furry
Leptotyphlops humilis,not furry
Budorcas taxicolor,furry
sausage,not furry
gharry,not furry
horse cart,not furry
Tayassu angulatus,furry
bumboat,not furry
launch,not furry
Tayassu tajacu,furry
Balaena mysticetus,furry
Bothrops atrops,not furry
wapiti,furry
stinkpot,not furry
leopard cat,furry
wharf rat,furry
trolley car,not furry
Gulo luscus,furry
Hippotragus niger,furry
sea turtle,not furry
Spilogale putorius,furry
Citellus lateralis,furry
toy dog,furry
giant eland,furry
allosaurus,not furry
Belgian griffon,furry
barrow,not furry
Australian terrier,furry
hang glider,not furry
ferryboat,not furry
grizzly bear,furry
Sceloporus undulatus,not furry
Pseudemys scripta,not furry
nine-banded armadillo,furry
deinonychus,not furry
fissiped,furry
diapsid reptile,not furry
American mastodon,furry
lion,furry
banded gecko,not furry
zebra-tailed lizard,not furry
skunk,furry
Gorilla gorilla beringei,furry
handcar,not furry
Elaphurus davidianus,furry
insectivore,furry
English toy spaniel,furry
blimp,not furry
kangaroo jerboa,furry
Lepidochelys olivacea,not furry
dwarf pocket rat,furry
Asiatic shrew mole,furry
Testudo graeca,not furry
Lacerta viridis,not furry
painted tortoise,not furry
Diapsida,not furry
hardtop,not furry
ark,not furry
Geomys pinetis,furry
gnawing mammal,furry
Ursus arctos horribilis,furry
Kogia simus,furry
monkey,furry
painted terrapin,not furry
marsupial mole,furry
big brown bat,furry
puppy,furry
Ursus middendorffi,furry
genus Pithecanthropus,furry
diapsid,not furry
birch bark,not furry
bettong,furry
floatplane,not furry
Adenota vardoni,furry
southeastern pocket gopher,furry
dreadnaught,not furry
water waggon,not furry
caroche,not furry
Uropsilus soricipes,furry
crowbait,furry
gelding,furry
spitting cobra,not furry
kob,furry
schipperke,furry
tigon,furry
French bulldog,furry
Glis glis,furry
Exmoor,furry
limousine,not furry
Cervus unicolor,furry
sailing ship,not furry
das,furry
Rattus rattus,furry
white elephant,furry
Equus kiang,furry
Malaclemys centrata,not furry
Norfolk terrier,furry
Rangifer tarandus,furry
wood pussy,furry
carnivorous bat,furry
little spotted skunk,furry
leatherback turtle,not furry
pine snake,not furry
queen,furry
water snake,not furry
mountain goat,furry
scout car,not furry
gecko,not furry
hyrax,furry
aurochs,furry
sand viper,not furry
common zebra,furry
horse-drawn vehicle,not furry
lagomorph,furry
Neurotrichus gibbsii,furry
fringed gecko,not furry
Marco Polo sheep,furry
nonstarter,furry
sea cow,furry
American foxhound,furry
coney,furry
pram,not furry
toy,furry
trolley,not furry
Damaraland mole rat,furry
prairie dog,furry
barunduki,furry
he-goat,furry
shunter,not furry
loaner,not furry
seizure-alert dog,furry
sewer rat,furry
painted turtle,not furry
boarhound,furry
javelina,furry
entellus,furry
Cynomys ludovicianus,furry
pariah dog,furry
bobsled,not furry
brig,not furry
studhorse,furry
Euphractus sexcinctus,furry
mountain chinchilla,furry
thecodont,not furry
sewellel,furry
musk turtle,not furry
Nerodia sipedon,not furry
Carphophis amoenus,not furry
blacktail prairie dog,furry
cairn,furry
Zinjanthropus,furry
hippopotamus,furry
nuclear-powered submarine,not furry
barge,not furry
boat,not furry
peba,furry
cattleship,not furry
gnu goat,furry
roof rat,furry
blue whale,furry
kangaroo mouse,furry
Dasypus novemcinctus,furry
Aplodontia rufa,furry
echidna,furry
flatboat,not furry
musk hog,furry
sea lion,furry
Arctictis bintourong,furry
submarine,not furry
tomcat,furry
American flying squirrel,furry
titanosaurian,not furry
Trimorphodon lambda,not furry
megatherian,furry
Maltese cat,furry
peccary,furry
eastern grey squirrel,furry
dreadnought,not furry
Choloepus didactylus,furry
Martes zibellina,furry
starship,not furry
Meles meles,furry
platyrrhinian,furry
genus Paranthropus,furry
coral snake,not furry
Plott hound,furry
gray lemming,furry
red fox,furry
coelophysis,not furry
australopithecine,furry
Crotalus viridis,not furry
prairie rattlesnake,not furry
prosimian,furry
scow,not furry
powerboat,not furry
test rocket,not furry
silky tamarin,furry
bareboat,not furry
MANPAD,not furry
reticulated python,not furry
tractor,not furry
Naja naja,not furry
doodlebug,not furry
slender-tailed meerkat,furry
flying mouse,furry
bat,furry
caiman lizard,not furry
Bradypus tridactylus,furry
kelpie,furry
hairy-legged vampire bat,furry
cockleshell,not furry
sirenian,furry
hippo,furry
abrocome,furry
thunder snake,not furry
sable,furry
silvertip,furry
she-goat,furry
self-propelled vehicle,not furry
seal,furry
Agkistrodon piscivorus,not furry
bandicoot rat,furry
cave myotis,furry
carcajou,furry
Naja nigricollis,not furry
Western rattlesnake,not furry
ceratopsian,not furry
kangaroo rat,furry
clipper ship,not furry
broodmare,furry
poyou,furry
jird,furry
Ursus horribilis,furry
microbat,furry
common iguana,not furry
leporid,furry
twinjet,not furry
tub-cart,not furry
herrerasaurus,not furry
Lacerta agilis,not furry
herrerasaur,not furry
Equus caballus,furry
elaphure,furry
Brabancon griffon,furry
digitigrade mammal,furry
Herpestes ichneumon,furry
cetacean,furry
pusher,not furry
research rocket,not furry
barosaur,not furry
mountain gorilla,furry
Galloway,furry
red deer,furry
Suricata tetradactyla,furry
prairie marmot,furry
buffet car,not furry
Pseudemys rubriventris,not furry
rat chinchilla,furry
water wagon,not furry
steer,furry
eastern ground snake,not furry
red-bellied turtle,not furry
marsh buggy,not furry
thecodont reptile,not furry
catarrhine,furry
steamroller,not furry
Oreamnos americanus,furry
antelope chipmunk,furry
hinny,furry
tabby,furry
desert rat,furry
buckskin,furry
Peromyscus eremicus,furry
donkey cart,not furry
rock snake,not furry
Old World monkey,furry
spiny lizard,not furry
Old World coral snake,not furry
teacart,not furry
Homo sapiens,furry
electric automobile,not furry
joint snake,not furry
taxi,not furry
beaver,furry
green snake,not furry
greater pichiciego,furry
stud,furry
ornithomimid,not furry
dozer,not furry
Ptychozoon homalocephalum,not furry
krait,not furry
protohippus,furry
red-bellied terrapin,not furry
cow pony,furry
barosaurus,not furry
tyrannosaurus,not furry
nuclear submarine,not furry
carnivore,furry
banded anteater,furry
true seal,furry
ground snake,not furry
hognose snake,not furry
skateboard,not furry
Eutamius asiaticus,furry
domestic ass,furry
glass snake,not furry
African wild ass,furry
Micruroides euryxanthus,not furry
earless seal,furry
spouter,furry
nanny-goat,furry
whitetail antelope squirrel,furry
spaceship,not furry
fer-de-lance,not furry
prairie rattler,not furry
Sussex spaniel,furry
Durham,furry
mountain beaver,furry
Sonora semiannulata,not furry
hartebeest,furry
mole rat,furry
tiglon,furry
genus Zinjanthropus,furry
leporid mammal,furry
cottonmouth,not furry
Western ribbon snake,not furry
Dryopithecus Rudapithecus hungaricus,furry
horned lizard,not furry
fringe-toed lizard,not furry
cairn terrier,furry
vervet monkey,furry
Myotis velifer,furry
three-banded armadillo,furry
Anoa mindorensis,furry
grass snake,not furry
prancer,furry
king of beasts,furry
manatee,furry
glass lizard,not furry
pie-dog,furry
tamarau,furry
crab-eating fox,furry
dining car,not furry
hoy,not furry
Arctic wolf,furry
grizzly,furry
bowhead whale,furry
phenacomys,furry
Ursus arctos middendorffi,furry
blue fox,furry
Felis bengalensis,furry
doe,furry
wirehaired terrier,furry
European tortoise,not furry
nail-tailed wallaby,furry
asp viper,not furry
cetacean mammal,furry
Citellus variegatus,furry
river horse,furry
Hippopotamus amphibius,furry
cruise missile,not furry
Asian coral snake,not furry
chinchilla,furry
nanny,furry
wild cavy,furry
narrow-body,not furry
Haldea striatula,not furry
Scottish deerhound,furry
genus Sinanthropus,furry
liver-spotted dalmatian,furry
lechwe,furry
barouche,not furry
macrotus,furry
harrier,furry
Walker foxhound,furry
pygmy sperm whale,furry
American mastodont,furry
porcupine,furry
crow-bait,furry
supply ship,not furry
jenny,furry
Leontocebus rosalia,furry
racer,not furry
Australian blacksnake,not furry
beach buggy,not furry
peludo,furry
pouched mole,furry
Sonoran lyre snake,not furry
landrover,not furry
viverrine mammal,furry
Jersey,furry
amphibious aircraft,not furry
Panthera leo,furry
black rat,furry
heat-seeking missile,not furry
Sinanthropus,furry
hair seal,furry
Pithecanthropus,furry
cactus mouse,furry
Uma notata,not furry
birchbark canoe,not furry
brown bat,furry
genus Cryptoprocta,furry
takin,furry
lined snake,not furry
monotreme,furry
Pacific ridley,not furry
delta wing,not furry
Exocet,not furry
Macaca sylvana,furry
silver-tip,furry
spotted skunk,furry
Welsh pony,furry
stud mare,furry
carriage,not furry
earless lizard,not furry
African chameleon,not furry
hanuman,furry
Welsh corgi,furry
Maltese,furry
dun,furry
Balaenoptera musculus,furry
crab-eating dog,furry
viverrine,furry
puku,furry
Bos primigenius,furry
American elk,furry
goat antelope,furry
lemur,furry
spitz,furry
Vipera aspis,not furry
black-necked cobra,not furry
U-boat,not furry
harlequin-snake,not furry
bulldozer,not furry
aperea,furry
megalosaur,not furry
bird dog,furry
tree sloth,furry
Hylobates lar,furry
tank destroyer,not furry
bookmobile,not furry
carabao,furry
vervet,furry
Chronoperates paradoxus,not furry
Crotalus horridus atricaudatus,not furry
kangaroo,furry
steam locomotive,not furry
gun dog,furry
sub,not furry
asp,not furry
tea cart,not furry
watering cart,not furry
Trichechus manatus,furry
pony cart,not furry
allosaur,not furry
